{
    "1037732010904526949": {
        "accessToken": "HNvOcsGvKHyHOTEWf2V9Leh5YftB79",
        "refreshToken": "8WJRMqE26Do6oCcEUdMLEmoNzuLgJW"
    },
    "1022128935963725854": {
        "accessToken": "usPkw1kyxTSjhGmS7t1Ez6LJA64Veb",
        "refreshToken": "NMD9na2Um3AQXMQKIa6zaIhL5fgb3g"
    },
    "1054816496477544448": {
        "accessToken": "C0RzawCNSnS3eU2jxBVypvgnykoV7Z",
        "refreshToken": "0o8xMnEtnUUQtay3utZET3KZ9OxKFr"
    },
    "1109731958113718342": {
        "accessToken": "daqwhzirYDBFMZoRQMMRu2ONTOmYt6",
        "refreshToken": "qYb9YerX9x55xRPiIgNXUwnI8UilvV"
    },
    "1089887743083028500": {
        "accessToken": "5P7m5QkGIaubkRpBjuE94vquOdl3u0",
        "refreshToken": "OVmvM1ik0LwO9a70hGquIWdD1YafuQ"
    },
    "1110639773560881192": {
        "accessToken": "Qz1oQoybpTsSZOi96Y0EjhwbcCS3bv",
        "refreshToken": "eTmuMvY3ETxwRGVrWVrT2Hz4fJNCQH"
    },
    "1090194850097414236": {
        "accessToken": "BBiVnrUxwMbSb8vO5Z7VlJVSahZSU1",
        "refreshToken": "zugGlIz5vCxB2mkhEc3eJv5SZv7WUk",
        "email": "ag4123572@gmail.com"
    },
    "1154756785085886545": {
        "accessToken": "DxlAw3Hk6vbBy6dPZWRYaw5uZOhNGF",
        "refreshToken": "wV4goMPaqJcFYOQ9xyYkVw2TnB3iPo"
    },
    "987344225869889677": {
        "accessToken": "vl0Fgig5VKNzJi70UpnadhJkwkYDgd",
        "refreshToken": "RQ58oQxKCL3JWYBM3icZn9Uqit8dYG"
    },
    "890696840259969105": {
        "accessToken": "jkXaK4jlFlH0Y1TTvPe1X5hXkibns8",
        "refreshToken": "LZ1qdCV61UNSGJm5olLL9cZWQiGzfC"
    },
    "1069581299733499924": {
        "accessToken": "GpnEvZPXhqqQccoyZtLc7zh8CW3EsK",
        "refreshToken": "K81QDrI8uono0fdKSaemNWuUBYt2Ih"
    },
    "1009213675464314931": {
        "accessToken": "t37PxdFTAnM0wAk2OyaW7kWni3Omlq",
        "refreshToken": "R2fEAmXdpd6hTE5JMAsXChkriROegT"
    },
    "1026132924015329280": {
        "accessToken": "wxauvhWx6DXrOc7KZFwXFGDEcNfIei",
        "refreshToken": "xcMsQiQyvBcHYmM1DrtrkeJcAAGXxw"
    },
    "1034472089534603334": {
        "accessToken": "JvhEvegPzFN32QVg5rXQBMHb7WQVHa",
        "refreshToken": "xocfN0fW5vuWOaEvxkUwBP0zDyMFYq"
    },
    "1113122938078633984": {
        "accessToken": "UFNEXtKg3YC2pUEZV1rxvmr56VOZeV",
        "refreshToken": "u57BB7d6cq5SkThaB2aovvmhNBPTJq"
    },
    "827481339535818753": {
        "accessToken": "cgQ7FkVvoTXzfLOmbQvEoIWQn0ysXh",
        "refreshToken": "zKWpJEfF5mBWfxDm5nFdmdo8izBxVG"
    },
    "1144324629171806288": {
        "accessToken": "cN9h7Li0z2nWkLAy1lPSUQcJwsSmSN",
        "refreshToken": "mHv6toSzZKZ3pfBSfB5Klkoho4rkhj"
    },
    "1164864891077795891": {
        "accessToken": "VlaCaXWHvBCmEMcbVah6fs4nzb6RI8",
        "refreshToken": "VIFl498huaf9RUvsluLyFyUuOU9aOH"
    },
    "1114591104109641820": {
        "accessToken": "SOwf7HI2zz4y1M43gCBeqw9baOgSDd",
        "refreshToken": "fc3bLHNpOFTMEqAUAdQgtbKo0F8LZ2"
    },
    "736053578678140999": {
        "accessToken": "C1gxdl8eY3hepdptJBuPgeFW6EShdn",
        "refreshToken": "Bj24FSkesxPo1eyOGU6Ga3jtXgLIQ8"
    },
    "1055855248180264980": {
        "accessToken": "M3dXxr6ATzeXowZqpUn4i3nzhtjcVj",
        "refreshToken": "JSOrEWMzRw9kdpdzpnW7icW1NCUjBa"
    },
    "1148043383533735986": {
        "accessToken": "N6AZTBRXE1X1i22YwjmUIdoqBMLlDY",
        "refreshToken": "cxURXgdxpx7SjVaWnlDHKjo8ZIn6tr"
    },
    "1094577856664829994": {
        "accessToken": "eX5p1gUv7Xpgi3UOvlbH8aQDD09Zrv",
        "refreshToken": "5bHNKkpLBe1LD7Ktze93HNzUqsz31F"
    },
    "1086321995324600341": {
        "accessToken": "WauI9aiRDkogTLWuEnc3o8ej9FyAeF",
        "refreshToken": "Q6EuL0rJFlbL8TdGe9ukTW3PRr5tzN"
    },
    "1112087447967383623": {
        "accessToken": "H1oNZPYuuoRSGmRgqwKinq1Tnq355W",
        "refreshToken": "otH6CfVrrcrRpZn3fB99Nqzh8o4xWt"
    },
    "1053759736081821727": {
        "accessToken": "HkcRQG1BA5dkvEkoSM0KirgO3nsaTh",
        "refreshToken": "WEOVlyt2Sh1uFZhezLG1qcpVN8xBcj"
    },
    "712501515863982161": {
        "accessToken": "cUR0pmxXdAhVKeDOTArdO4jYQl4ehj",
        "refreshToken": "sieamKOFUDQq6cDirRQ9wknGag22gj"
    },
    "1170082079275491471": {
        "accessToken": "fOPJ9yL01IGYyHJU5KyWul1YylI1kx",
        "refreshToken": "V9qU0Lt2fHHpTRoyxRzM7fX1R9ObXk"
    },
    "1172238323411075082": {
        "accessToken": "zDmf80gWKmw0abGqs5YCRCL9mvTGXc",
        "refreshToken": "yrNL6qGIVYs4WcciwUEEQz2I90e3Fb"
    },
    "1170416472615567480": {
        "accessToken": "IQ0TC91p6fDyTyCTDbsBSuZHS0wASi",
        "refreshToken": "5y8KywxTVrlLGFEgFLvbMxhIMxcJ7N"
    },
    "1045922056425979924": {
        "accessToken": "pkGK2K4anwnTGB7WUaKl1IIP6hwNrB",
        "refreshToken": "FXmHQl77QA9ApN5W7Zq5isoA4KJc92"
    },
    "1062733554565529730": {
        "accessToken": "VNBJvJbxvUAfmXOkMC47xsM4YJAYkk",
        "refreshToken": "TBwaFlAMHG91EppMVlSu3YdRXkRzh7"
    },
    "1017027224869818449": {
        "accessToken": "li77ACKpnKMFhYQtYVa8ejSSdejXqK",
        "refreshToken": "yZQq2DmrdJs7mFLixGF2re5A3rZ7Uy"
    },
    "1110593834548727879": {
        "accessToken": "Mhujnv9K0pF8jzZFaeuy0C1uMQBpAj",
        "refreshToken": "XC6hVwXN0CrVaWXfw1bnEy2FHKGNTx"
    },
    "1144910352421748807": {
        "accessToken": "oAbd19tCgE5Jt8B5vBF6cvmzyjzNjY",
        "refreshToken": "tk777mH1xPiiMusUSHMVSaJJDqE2sW"
    },
    "1010901502514176031": {
        "accessToken": "5Q0ofwtYKcPS2TW6gA8Yf8VIZzdY7K",
        "refreshToken": "PeOqXQLahFTNKHu3JdTed0dpwVTgbB"
    },
    "1005183649857146890": {
        "accessToken": "GvxwhTizu4KfvrLR6Ghh0wxYUcEfRb",
        "refreshToken": "yB0kBMvwVMl4kCBB4alPU6xq4RB57G"
    },
    "1063779407992463380": {
        "accessToken": "PTGEN3rsXoDLrLEPAssIVmyiSG9KKP",
        "refreshToken": "YRUYCXjeA4vwIVJqdM9W75BlwBcvmX"
    },
    "1163096463488864256": {
        "accessToken": "9L9pp76eoNXhmPU9GkaKs38mFCF2x2",
        "refreshToken": "woslfEUyqzvYiFTnq1GkE7rwyHsY8A"
    },
    "866320685659455529": {
        "accessToken": "Lzb9w0hrzvFAecMAEOb7ZU5cNofdTy",
        "refreshToken": "lOjZgQljtwwRwxg3DY6kCSdXwNP6tv"
    },
    "1110476114691903499": {
        "accessToken": "hu8OoTI1EQaBnj5I9VczctUpyYbwFi",
        "refreshToken": "mdCzKPUE1S0E4Q584VhdahRmpFd4IE"
    },
    "1080083308039372920": {
        "accessToken": "sDE63GS8gaTwj3JyJDW3FQpBqyajxZ",
        "refreshToken": "8RcSohwTdggDxAIt366z1NSZYjhXGf"
    },
    "1168826730270687292": {
        "accessToken": "dpYkZYAH0ag1KxAzVpfXE9mPWvp7zW",
        "refreshToken": "iGvQgSIXpcackfWIEa0rSRk9MRUFfH"
    },
    "1077656753614889100": {
        "accessToken": "0HGulFi387NpzA7sofRfYyFnoHNHPr",
        "refreshToken": "h2lm8QcGMxAbYL1qqdC623xxgAdE3F"
    },
    "959884242572165160": {
        "accessToken": "9PQGvOVnwuohT1GQEjJU5ner4iAdvk",
        "refreshToken": "xFyzh6dIfBOmf5mzdKrzg3cCzxmO3d"
    },
    "1150055937491615784": {
        "accessToken": "FWh2HITghOizCmttMuWzNp5cnowHxr",
        "refreshToken": "oJOCF5yMVNSnOzwWJZFidpxFbvE0m4"
    },
    "1157251047828508723": {
        "accessToken": "T5y00ToI3RNSbNMzzhJKdf4Zv49ese",
        "refreshToken": "22NLgGZWnzRRehZ78lW7Yw6oonkPx4"
    },
    "1132230238705831936": {
        "accessToken": "xZ1nkE9d2kVEp5V25D2gU7bi8ZzVxw",
        "refreshToken": "cKAMfiXDLkUco3oxG6LxySxjbPQNWA",
        "email": "instaaaaa438@gmail.com"
    },
    "762960437623914506": {
        "accessToken": "IAPlsDaoHYccBTPu5YLKzg0Dg2MVj9",
        "refreshToken": "SuPT7lwA1HXt1FHiiJm464KCOLvktz",
        "email": "saoudalinze0@gmail.com"
    },
    "1115289570741858354": {
        "accessToken": "mDJIJdoIsL3bEwKLOZoiKfjtTHQfCk",
        "refreshToken": "5VSKKoxh7t3oOSZm2biuRrRqa82leT",
        "email": "totoxldiscord@gmail.com"
    },
    "1157118697303965736": {
        "accessToken": "5f415OwQ7WviNbH7bukc22IJh6nqu7",
        "refreshToken": "rXRLkpekbyZGH2EvuPhtZs6552Rd5U",
        "email": "7.nice.911@gmail.com"
    }
}